,iter,error_autovalor,error_n2_autovectores
count,101.0,101.0,101.0
mean,50.0,0.18501079731130377,0.08674268549582292
std,29.300170647967224,1.0626923966407849,0.18683311192747573
min,0.0,1.0248655257782955e-09,0.0014457903685637
25%,25.0,1.9885530377905525e-07,0.0014796026720195
50%,50.0,3.8599715537657175e-05,0.0046245954367851
75%,75.0,0.007519687696913,0.0612770181953049
max,100.0,10.238573899074504,1.0820622371013626
