,iter,error_autovalor,error_n2_autovectores
count,101.0,101.0,101.0
mean,50.0,1.0555674102807835,0.13634440967684408
std,29.300170647967224,3.801676315917079,0.24123059355096646
min,0.0,4.618527782440651e-14,0.0525324411437486
25%,25.0,7.194600470938893e-11,0.0525324413711004
50%,50.0,2.549975768317836e-07,0.052533217078372
75%,75.0,0.0017463838712288,0.0555750423624126
max,100.0,22.004193437984988,1.2657188253979916
