,iter,error_autovalor,error_n2_autovectores
count,101.0,101.0,101.0
mean,50.0,0.17187046925712246,0.08128736519623816
std,29.300170647967224,1.1972617661208131,0.14557131425982578
min,0.0,3.6041933135777526e-06,0.0076457207964641
25%,25.0,4.684712345692788e-05,0.0100843981699514
50%,50.0,0.0006100458597551,0.0257709987358376
75%,75.0,0.0081789852549363,0.0899019953042279
max,100.0,11.655377527122894,1.0755522866415543
