,iter,error_autovalor
count,101.0,101.0
mean,50.0,4.763639418383998
std,29.300170647967224,7.6269304542032
min,0.0,0.0032874128382829
25%,25.0,0.0426816254486226
50%,50.0,0.5476246796240041
75%,75.0,6.106577389032454
max,100.0,26.308442892272375
