,iter,error_autovalor,error_n2_autovectores
count,101.0,101.0,101.0
mean,50.0,1.313697477051066,0.07365055590265693
std,29.300170647967224,2.76183461962741,0.14344218954473814
min,0.0,1.6610008657380606e-07,7.903565579781002e-09
25%,25.0,3.2228622458774225e-05,1.5335423675377768e-06
50%,50.0,0.0062460053043515,0.0002973150897163
75%,75.0,0.9860822865253632,0.0499657644579747
max,100.0,15.330839195382191,0.5418168710188525
