iter,error_autovalor,error_n2_autovectores
0,10.462070494250922,1.3520701678910836
1000,6.745862237799109,1.2947462782117465
2000,5.184746585245195,1.235896764078075
3000,4.1875519231989315,1.1718997901146644
4000,3.446007725044222,1.1032466084957058
