,iter,error_autovalor,error_n2_autovectores
count,21.0,21.0,21.0
mean,10000.0,0.7217534225414513,0.4644425701629961
std,6204.8368229954285,0.03699341218073888,0.008088504946781495
min,0.0,0.713680798172942,0.4626775136753218
25%,5000.0,0.7136807981781006,0.4626775136769134
50%,10000.0,0.71368079818326,0.462677513678506
75%,15000.0,0.7136807981884106,0.4626775136800969
max,20000.0,0.8832059097156773,0.4997436998559971
