,iter,error_autovalor,error_n2_autovectores
count,5.0,5.0,5.0
mean,2000.0,6.005247793107676,1.231571921758255
std,1581.1388300841897,2.781129652617795,0.09818054824443746
min,0.0,3.446007725044222,1.1032466084957058
25%,1000.0,4.187551923198932,1.1718997901146644
50%,2000.0,5.184746585245195,1.235896764078075
75%,3000.0,6.745862237799109,1.2947462782117465
max,4000.0,10.462070494250922,1.3520701678910836
