,test,error_n1_rel,error_ninf_rel,error_n1_abs,error_ninf_abs,min_aval,max_aval
count,100.0,100.0,100.0,100.0,100.0,100.0,100.0
mean,49.5,0.007466425629602904,0.0011918873390383321,1.04696509597213e-06,6.206962279975414e-07,13545.196669130544,22946938.868416008
std,29.011491975882016,0.05883790465623937,0.01011879556818167,8.736343283065203e-06,5.728910217520653e-06,19547.134257494607,2389553.8756620213
min,0.0,9.052275800058852e-07,2.262684120069025e-07,6.653135642409326e-08,1.30385160446167e-08,1.593061289330515,18422729.05821398
25%,24.75,4.173440323995692e-06,6.638147169724107e-07,1.3977940582776682e-07,3.3527612686157227e-08,1071.113090276513,21422788.28810451
50%,49.5,1.9403870165746184e-05,2.3493837488786085e-06,1.68014850032705e-07,4.842877388000488e-08,4001.4283286733125,23055152.88025944
75%,74.25,8.306220906550976e-05,1.0118346143173085e-05,2.0357083485578187e-07,5.960464477539064e-08,17718.793072298547,24163942.359839376
max,99.0,0.5812401445876283,0.1008212307797222,8.753557176532922e-05,5.733664147555828e-05,111836.43929841422,30578279.46051574
