,iter,error_autovalor,error_n2_autovectores
count,21.0,21.0,21.0
mean,100.0,0.5354876874808217,1.8091482021089125
std,62.048368229954285,2.432007706477381,0.06273708157940244
min,0.0,1.7763568394002505e-14,1.5354238407579976
25%,50.0,3.5527136788005016e-14,1.8232326171080775
50%,100.0,4.14111411828344e-10,1.8232340335465056
75%,150.0,1.5608824401880383e-05,1.8232340335841024
max,200.0,11.149326758386012,1.8232340335841075
