iter,error_autovalor,error_n2_autovectores
0,8.288568947523324,1.572709541894883
100,8.288568947523325,1.572709541894883
200,8.288568947523325,1.572709541894883
300,8.288568947523325,1.572709541894883
400,8.288568947523325,1.572709541894883
500,8.288568947523325,1.572709541894883
600,8.288568947523325,1.572709541894883
700,8.288568947523325,1.572709541894883
800,8.288568947523325,1.572709541894883
900,8.288568947523325,1.572709541894883
