autovalor,error_inf_avect,error_1_avect
6.725697727631732,3.9968028886505635e-15,7.782663402622347e-14
