,N,max_iter,prom_iter
count,11.0,11.0,11.0
mean,502.0,14.545454545454545,8.859999999999998
std,331.66247903554,13.772172206036608,1.8591395859375381
min,2.0,10.0,8.04
25%,252.0,10.0,8.07
50%,502.0,10.0,8.1
75%,752.0,11.0,8.42
max,1002.0,56.0,14.22
