,N,max_iter,prom_iter
count,30.0,30.0,30.0
mean,147.0,13.8,9.568000000000001
std,88.03408430829505,14.116265990595434,1.5575985052150878
min,2.0,10.0,8.16
25%,74.5,10.0,8.43
50%,147.0,10.0,9.08
75%,219.5,12.0,10.055
max,292.0,88.0,14.96
