,N,max_iter,prom_iter
count,11.0,11.0,11.0
mean,52.0,519.8181818181819,300.6909090909091
std,33.166247903554,330.87454365116037,197.41954034261883
min,2.0,18.0,14.8
25%,27.0,299.0,175.60000000000002
50%,52.0,470.0,231.4
75%,77.0,803.0,445.0
max,102.0,966.0,589.8
