,iter,error_autovalor,error_n2_autovectores
count,101.0,101.0,101.0
mean,50.0,3.40546618981153,0.8185822188505797
std,29.300170647967224,0.14187301121478044,0.8073691645762774
min,0.0,3.377142254563388,8.237285080323698e-11
25%,25.0,3.377142254563396,5.771465725995862e-06
50%,50.0,3.3771422547506864,0.5932522518338816
75%,75.0,3.377155377439227,1.6276188430212248
max,100.0,4.601257255059914,1.627618843026415
