,iter,error_v1,error_v2
count,50.0,50.0,50.0
mean,49.0,0.08845706881898774,0.017321376705099898
std,29.154759474226502,0.24018641964202742,0.061901020073084664
min,0.0,7.87388351008765e-05,5.074465008192419e-07
25%,24.5,0.00027704952219277505,6.290695062804996e-06
50%,49.0,0.00105704717900585,7.775944631227549e-05
75%,73.5,0.022254071170769926,0.001016440191340575
max,98.0,1.2406350199349647,0.3612031993542228
