,iter,error_v1,error_v2
count,50.0,50.0,50.0
mean,49.0,0.11038927399433911,0.013720848079800849
std,29.154759474226502,0.2601706137427451,0.06289708118733905
min,0.0,2.488208807939879e-07,2.220446049250313e-16
25%,24.5,1.3478852709298598e-05,4.14668299697496e-13
50%,49.0,0.0007246051013361501,1.202137389633151e-09
75%,73.5,0.038727516276762894,3.7666238137945562e-06
max,98.0,1.1532382749534775,0.4037101435695767
