,iter,error_v1,error_v2
count,50.0,50.0,50.0
mean,49.0,1.3212884089657602,1.1833684074402588
std,29.154759474226502,0.07691055560809226,0.0333888771196455
min,0.0,1.1869373935498535,1.165283159023025
25%,24.5,1.250794097718302,1.1654027484032854
50%,49.0,1.340568793594552,1.1668667402745867
75%,73.5,1.393358722628395,1.1831061181592533
max,98.0,1.4083096187845074,1.3114839111476724
